{"cameraMode":{"drawMode":0,"name":"Shaded","section":"Shading Mode"},"sceneLighting":false,"audioPlay":false,"sceneViewState":{"showFog":true,"showMaterialUpdate":false,"showSkybox":false,"showFlares":true,"showImageEffects":true,"showParticleSystems":true},"in2DMode":false,"pivot":{"x":4967.04931640625,"y":5041.791015625,"z":-0.44999998807907107},"rotation":{"x":0.001499992678873241,"y":0.0029999923426657917,"z":-0.000004499991518969182,"w":0.9999943375587463},"size":3.1720705032348635,"orthographic":true}