{"cameraMode":{"drawMode":0,"name":"Shaded","section":"Shading Mode"},"sceneLighting":false,"audioPlay":false,"sceneViewState":{"showFog":true,"showMaterialUpdate":false,"showSkybox":false,"showFlares":true,"showImageEffects":true,"showParticleSystems":true},"in2DMode":false,"pivot":{"x":4967.1376953125,"y":5042.39599609375,"z":-1.0},"rotation":{"x":0.028259336948394777,"y":-0.12859024107456208,"z":0.0036656814627349378,"w":0.9912887215614319},"size":10.44078540802002,"orthographic":true}